{
  "num_transitions": 1382,
  "dataset_episodes": 120,
  "behavior_success_rate": 0.725,
  "action_left_ratio": 0.3907380607814761,
  "action_right_ratio": 0.6092619392185239,
  "reward_mean": 0.03925470635294914,
  "reward_std": 0.2756362557411194
}