{
  "num_transitions": 1382,
  "dataset_episodes": 120,
  "behavior_success_rate": 0.725,
  "reward_mean": 0.03925470635294914,
  "reward_std": 0.2756362557411194
}