{
  "num_transitions": 286,
  "dataset_episodes": 24,
  "behavior_success_rate": 0.6666666666666666,
  "reward_mean": 0.02919580601155758,
  "reward_std": 0.2695678770542145
}